consumer_id,first_name,last_name,dob,state,zip_code,employment_status,annual_income
1,Jessica,Cooper,1995-02-01,IL,21395,Self-Employed,76554
2,Linda,Sanchez,1957-01-03,WI,95181,Part-Time,30018
3,Daniel,Diaz,1981-04-15,TX,54597,Retired,46733
4,Kevin,King,1968-06-04,CO,15695,Full-Time,79682
5,Timothy,Harris,1989-02-13,WI,19116,Full-Time,102642
6,Emily,Collins,1969-05-03,NV,93320,Part-Time,72294
7,Christine,Perez,1965-06-12,FL,80010,Part-Time,59200
8,Paul,Adams,1965-08-13,MD,17331,Self-Employed,199865
9,Brian,Ramirez,1957-06-13,MN,95909,Self-Employed,46960
10,Justin,King,1996-08-05,MD,86622,Self-Employed,59122
11,Brenda,Murphy,1992-07-12,IL,21915,Part-Time,81021
12,Samuel,Rodriguez,1962-03-21,TN,60432,Part-Time,67331
13,Thomas,Morgan,1984-09-09,TX,44973,Retired,101671
14,Kimberly,Cook,1976-02-10,TX,33416,Unemployed,12092
15,Deborah,Lee,1961-11-10,IL,80697,Retired,77925
16,Timothy,Flores,1988-01-20,NY,41385,Self-Employed,116913
17,Charles,Taylor,1991-02-03,MD,96474,Unemployed,33275
18,Sandra,Cooper,1990-03-09,TN,36365,Retired,102770
19,Amy,Thomas,1980-11-21,MA,42493,Self-Employed,108549
20,James,Martinez,1976-01-19,PA,92719,Retired,42199
21,Emily,Morales,1959-01-28,PA,38080,Self-Employed,47733
22,Ryan,Harris,2001-10-19,VA,22363,Unemployed,14824
23,Joseph,Davis,1982-06-14,CA,62772,Unemployed,22038
24,Jacob,White,1961-04-07,IL,46509,Part-Time,50270
25,Maria,Lopez,1959-08-26,MD,40982,Retired,29732
26,Jason,Smith,1986-08-07,GA,61173,Unemployed,36058
27,Lisa,Harris,1984-05-14,VA,48890,Retired,82914
28,Patricia,Miller,1958-10-24,WA,86569,Retired,26248
29,David,Rodriguez,1988-03-02,GA,98501,Retired,28054
30,Debra,Hernandez,1980-02-19,CA,64948,Part-Time,53113
31,Mark,King,1991-09-11,WA,61876,Self-Employed,69825
32,Maria,Collins,1996-05-15,FL,91416,Self-Employed,189845
33,Kevin,Rodriguez,1961-02-18,IL,42018,Part-Time,48242
34,Pamela,Johnson,1965-08-27,WI,97538,Retired,86843
35,Scott,Martin,1974-11-04,NY,45697,Part-Time,32139
36,Stephen,Morales,1968-12-11,AZ,42914,Part-Time,60356
37,James,Nelson,1958-02-21,CA,27146,Unemployed,33705
38,Helen,Johnson,1971-03-24,TN,24663,Unemployed,24764
39,Scott,Jackson,1999-03-18,MN,66333,Full-Time,140334
40,Dorothy,Wilson,1974-06-26,OH,56357,Full-Time,148916
41,Daniel,Thompson,1981-10-24,PA,64040,Part-Time,76248
42,Kenneth,Lee,2002-06-26,PA,24168,Unemployed,32831
43,Kevin,Flores,1957-08-08,MO,39831,Part-Time,68966
44,Emily,Hall,1997-04-13,FL,94080,Self-Employed,82136
45,Matthew,King,1998-09-11,AZ,15014,Full-Time,44386
46,Thomas,Roberts,1982-06-24,MA,85574,Self-Employed,108266
47,Margaret,Campbell,1957-12-14,MD,66531,Full-Time,98357
48,Edward,Cook,1997-06-20,NY,50538,Self-Employed,145856
49,Cynthia,Carter,1975-07-23,OH,98777,Self-Employed,127810
50,Edward,Torres,1966-10-19,TX,37549,Self-Employed,103246
51,Sandra,Rogers,1992-10-21,MO,72021,Self-Employed,113002
52,Ronald,Lopez,2002-03-22,WI,40784,Full-Time,66857
53,Raymond,Martinez,1969-04-05,VA,69692,Full-Time,35164
54,Christopher,Smith,1995-10-07,PA,23970,Unemployed,22918
55,Dorothy,Thomas,1969-03-26,MD,69829,Retired,64307
56,Raymond,Cook,1984-11-17,MO,65933,Retired,76651
57,Emily,Gutierrez,1990-08-06,PA,73517,Unemployed,21492
58,Brian,Cooper,1972-08-03,WA,20561,Self-Employed,74832
59,Cynthia,Evans,1969-07-23,FL,53369,Part-Time,61618
60,Robert,Carter,1981-01-07,MN,72518,Unemployed,19541
61,Justin,Cooper,1977-05-25,TN,89069,Unemployed,34481
62,Amanda,Phillips,1986-04-09,NV,31632,Unemployed,22637
63,Brandon,Brown,1963-10-18,MN,21003,Full-Time,149984
64,Sandra,Collins,1963-08-06,WA,52840,Full-Time,63704
65,Eric,Williams,1979-05-25,FL,80702,Unemployed,15123
66,Linda,Young,1977-04-21,CA,36130,Full-Time,133216
67,Brandon,Ramirez,1994-03-08,NY,70952,Part-Time,46086
68,Daniel,Flores,1978-03-20,NY,24168,Retired,111380
69,Jennifer,Young,1974-10-22,OH,23356,Unemployed,19772
70,Barbara,Hall,1974-11-20,MN,79827,Full-Time,135216
71,Jonathan,Wilson,1978-02-17,TN,66822,Self-Employed,38095
72,Kenneth,Morgan,1995-08-23,MA,73372,Part-Time,43546
73,Emily,Edwards,2001-10-09,FL,41963,Self-Employed,177043
74,Carol,White,1991-10-22,VA,73904,Unemployed,17831
75,Helen,Johnson,1971-06-09,AZ,77715,Retired,86621
76,Eric,Morales,1960-04-24,PA,68743,Unemployed,22732
77,Benjamin,Mitchell,1960-05-08,NC,72031,Unemployed,29275
78,Kenneth,Flores,1977-07-24,MO,42951,Retired,51693
79,Anthony,Ramirez,2001-04-11,GA,73464,Full-Time,128100
80,Donna,Robinson,1992-09-20,OH,57301,Self-Employed,198372
81,Scott,Nguyen,1955-12-18,CA,26551,Part-Time,32796
82,Shirley,Cruz,1986-02-28,VA,54657,Full-Time,105580
83,Sharon,Morales,1958-05-28,FL,19710,Unemployed,10673
84,Richard,Young,1998-01-05,NC,25525,Part-Time,68603
85,Jason,Edwards,1981-10-20,MA,68028,Retired,41782
86,Joseph,Clark,1992-07-10,WI,91987,Retired,79062
87,Daniel,Smith,1997-02-06,FL,63545,Part-Time,26093
88,Nicholas,Martinez,1993-08-10,NC,40595,Full-Time,59878
89,Paul,Martin,1995-10-22,MD,44816,Part-Time,42856
90,Steven,Cruz,1959-01-06,MN,26299,Self-Employed,134539
91,Gary,Hernandez,1974-12-13,VA,88385,Self-Employed,118878
92,Ashley,Williams,1982-12-11,FL,98117,Retired,44109
93,Emily,White,1991-01-25,MO,86720,Part-Time,45882
94,Jessica,Lee,1986-02-16,WA,53228,Self-Employed,103622
95,Michael,Collins,1986-05-22,MD,21542,Unemployed,33196
96,Emma,Reyes,1975-02-25,TX,64165,Unemployed,34850
97,Donald,Wright,1988-06-20,CA,81987,Unemployed,27138
98,Mark,Lee,1973-08-23,WI,50730,Unemployed,10909
99,Angela,Thomas,1990-07-03,NY,94896,Part-Time,80683
100,Shirley,Stewart,1986-12-10,TN,41946,Retired,87020
101,David,Scott,1964-07-07,IL,64387,Retired,68427
102,Katherine,Morales,1987-05-27,NC,29476,Full-Time,66730
103,Nicholas,Adams,1985-06-11,NV,34727,Retired,92438
104,Barbara,Green,1970-10-13,TN,71993,Part-Time,71596
105,Charles,Cook,1979-07-22,CA,87356,Part-Time,47538
106,Christopher,Evans,1961-08-04,TX,95823,Retired,106354
107,Richard,Nelson,1959-08-26,NV,98389,Self-Employed,92065
108,Debra,Rodriguez,1979-06-21,CA,40771,Unemployed,35090
109,Joseph,Cruz,1973-04-24,NY,31805,Full-Time,86891
110,Kathleen,Jackson,1956-01-11,CO,42007,Full-Time,68135
111,Raymond,Carter,1991-11-26,FL,91226,Part-Time,25837
112,Nicholas,Allen,1986-10-05,AZ,97404,Part-Time,45258
113,Kevin,Hill,1984-05-22,MO,93746,Retired,35397
114,Shirley,Wilson,1999-05-15,NV,41091,Self-Employed,68990
115,Emily,Johnson,1977-10-10,NV,84177,Self-Employed,39633
116,Ashley,Rivera,2002-01-20,NC,38705,Unemployed,33817
117,Michelle,Cruz,1994-05-22,CA,14373,Part-Time,56404
118,Matthew,Sanchez,2001-03-03,TN,27322,Self-Employed,90104
119,Shirley,Nguyen,1978-09-17,AZ,54396,Self-Employed,173526
120,Helen,Campbell,1984-02-05,NV,21836,Part-Time,71871
121,Benjamin,Carter,1955-05-18,AZ,93695,Full-Time,89668
122,Carol,Lewis,1961-11-08,MD,94889,Unemployed,7805
123,Michael,Hill,1984-12-10,CA,74569,Unemployed,10756
124,Cynthia,Martin,1970-09-05,MD,64379,Unemployed,21607
125,Sandra,Cruz,1986-10-14,CO,68287,Self-Employed,41417
126,Patricia,Gomez,1978-02-22,CO,46160,Self-Employed,126163
127,Robert,Miller,1962-08-03,WI,53713,Part-Time,57301
128,Donald,Ramirez,1963-10-07,MD,40539,Full-Time,139697
129,Charles,Cooper,1964-10-01,IL,42853,Self-Employed,178152
130,Mark,Adams,1962-11-28,CO,12068,Full-Time,46582
131,Eric,Edwards,1958-03-24,FL,57453,Unemployed,23939
132,Larry,Hill,1961-08-17,CA,70036,Part-Time,77559
133,Jonathan,Cruz,1956-01-16,NY,19632,Unemployed,20726
134,Benjamin,Adams,1975-10-05,WI,59925,Full-Time,45833
135,Thomas,Ramirez,1988-05-15,NY,66370,Retired,77591
136,Brian,Diaz,1969-07-11,NY,50963,Unemployed,19839
137,Susan,Parker,1978-03-22,FL,22656,Unemployed,9161
138,Helen,Nelson,1978-03-18,MD,97819,Full-Time,107234
139,Steven,Flores,1977-11-25,CA,56090,Unemployed,34952
140,Kevin,Mitchell,1987-04-05,NY,25058,Unemployed,14220
141,Raymond,Brown,1991-04-26,WI,89822,Unemployed,34213
142,Amanda,Hall,1999-05-01,NC,10800,Part-Time,32727
143,Susan,Ortiz,1964-10-22,TX,38197,Unemployed,9240
144,Brandon,Hernandez,1984-06-06,WA,16895,Self-Employed,87607
145,Jonathan,Cruz,1994-01-22,TN,64287,Full-Time,65298
146,Jonathan,Ortiz,1987-02-12,MN,97442,Unemployed,10570
147,Sandra,Moore,1969-07-20,NC,43491,Full-Time,30025
148,Justin,Robinson,1962-01-16,NV,75570,Unemployed,12657
149,Kathleen,Williams,1997-06-03,CA,70260,Unemployed,34748
150,Donna,Anderson,1975-10-14,TN,63088,Retired,58637
151,Susan,Parker,1975-03-26,CO,23875,Retired,63887
152,Amanda,Lewis,1992-07-17,NC,53655,Full-Time,81795
153,Kevin,Hall,1959-09-21,OH,94599,Full-Time,99782
154,Lisa,Martinez,1970-02-05,WI,33218,Self-Employed,68668
155,Brandon,Adams,1995-08-15,MO,92210,Retired,92156
156,Katherine,Davis,1983-02-16,AZ,56129,Unemployed,27330
157,Jennifer,Lopez,1974-08-15,NC,90610,Full-Time,36589
158,Amy,Harris,1979-08-19,CA,52143,Retired,110484
159,Richard,Cook,1987-03-02,WA,94689,Unemployed,10332
160,Daniel,Campbell,1970-12-15,WI,58870,Unemployed,23875
161,Ronald,Rodriguez,1979-07-25,CA,53213,Self-Employed,148425
162,Lisa,Nelson,1998-07-10,WI,20682,Self-Employed,155850
163,Michelle,Carter,1964-06-10,FL,94343,Unemployed,11152
164,Brenda,Campbell,1963-11-23,TN,12389,Retired,29312
165,Lisa,Martinez,1966-04-11,IL,48770,Unemployed,13182
166,Michael,Baker,1961-09-25,MA,91006,Retired,99251
167,Nancy,Cruz,1979-03-06,WI,15726,Part-Time,69950
168,Ashley,Morgan,1998-12-08,MO,41348,Unemployed,26661
169,Steven,Carter,1985-04-12,MO,75916,Retired,113332
170,William,Morris,1965-04-26,AZ,58655,Retired,33550
171,Richard,Lee,1961-12-28,NC,45755,Retired,100764
172,Amy,Hall,1987-03-27,PA,13495,Unemployed,9953
173,Deborah,Lewis,1980-09-12,FL,13694,Part-Time,40257
174,Michael,Torres,1961-12-21,IL,71925,Self-Employed,167052
175,Robert,Allen,1963-12-16,FL,38266,Unemployed,26814
176,Mark,Hill,1990-12-20,NC,25970,Retired,60412
177,Anna,Morgan,1981-11-26,NY,12154,Retired,63605
178,Raymond,Rivera,1991-04-23,TX,41531,Part-Time,33927
179,David,Ortiz,1966-11-22,CO,81313,Full-Time,98832
180,Stephanie,Mitchell,1987-09-01,CA,43246,Unemployed,35121
181,Benjamin,Nelson,1977-02-12,NY,27486,Part-Time,63387
182,Shirley,White,1989-06-27,MO,27675,Part-Time,69886
183,Barbara,Green,1984-01-10,OH,50642,Part-Time,17421
184,Steven,Rivera,1989-08-09,OH,16265,Full-Time,129489
185,Gary,Roberts,1976-05-04,NV,54438,Self-Employed,108359
186,Kenneth,Hernandez,1986-12-16,MA,65640,Self-Employed,189065
187,Carol,Nguyen,1993-03-18,FL,50173,Self-Employed,89192
188,Melissa,Parker,2000-07-06,CA,45986,Unemployed,18319
189,Linda,Jackson,1958-02-22,GA,89635,Unemployed,18698
190,Timothy,Roberts,1983-01-05,CO,84349,Full-Time,60481
191,Samantha,Moore,1964-11-15,FL,79397,Self-Employed,97605
192,Betty,Murphy,1975-11-09,TX,77861,Part-Time,78566
193,Raymond,Torres,1990-02-09,OH,74382,Self-Employed,152588
194,Susan,Green,1963-02-15,MO,97535,Part-Time,74441
195,Matthew,Campbell,1959-09-18,GA,76683,Self-Employed,183604
196,Samantha,Mitchell,1967-03-08,MD,71263,Unemployed,7846
197,Shirley,Ortiz,1990-03-20,NV,63843,Full-Time,37770
198,Angela,Gutierrez,1991-02-05,MO,55156,Self-Employed,142371
199,Kathleen,Cook,1990-11-19,IL,17263,Part-Time,65711
200,Kevin,Gutierrez,1988-03-10,PA,47230,Part-Time,25303
201,Raymond,Morgan,1971-04-21,NC,22245,Retired,46380
202,Christine,Baker,1965-10-19,WI,83874,Part-Time,25919
203,Samantha,Turner,1956-02-02,OH,91016,Retired,45457
204,Shirley,Young,1986-11-18,NC,99783,Self-Employed,142299
205,Shirley,Reyes,1984-02-23,TN,36741,Full-Time,50087
206,Sharon,Taylor,1964-06-28,CO,58567,Self-Employed,157583
207,Dorothy,Jackson,1961-06-08,MO,22689,Unemployed,10945
208,Carol,Green,1979-10-14,GA,34881,Part-Time,78711
209,Robert,Lopez,1986-09-15,VA,61543,Unemployed,35306
210,Anna,Stewart,1970-04-19,NC,47453,Self-Employed,44057
211,Timothy,Garcia,1961-07-05,NV,62505,Self-Employed,156475
212,Stephen,Edwards,1990-04-12,NV,82070,Retired,47715
213,Jeffrey,Mitchell,1994-11-20,NY,54444,Full-Time,46163
214,Barbara,Garcia,1978-03-07,MA,15100,Retired,68510
215,Karen,Adams,1976-08-17,MA,90356,Unemployed,11795
216,Brenda,Morgan,1980-10-24,MA,74205,Self-Employed,134320
217,Cynthia,Flores,1974-08-27,NY,92478,Full-Time,78138
218,Benjamin,Morris,1985-05-21,CA,32349,Retired,74970
219,Michael,Anderson,2001-10-25,PA,35006,Unemployed,11758
220,Stephen,Stewart,1975-07-05,TN,18163,Unemployed,29234
221,Pamela,Carter,1988-04-18,VA,51124,Self-Employed,201289
222,Raymond,Morris,1984-09-11,AZ,35200,Retired,53909
223,Steven,Clark,1972-09-10,NC,74094,Part-Time,77297
224,Emma,Carter,1977-09-26,MN,61712,Self-Employed,83657
225,Kevin,Cruz,1964-05-02,FL,95979,Self-Employed,194199
226,Kenneth,Moore,1985-04-07,MD,24316,Retired,46067
227,Paul,Robinson,1992-04-08,MA,16880,Full-Time,118355
228,James,Lee,1976-12-16,IL,63334,Full-Time,119871
229,Carol,Torres,1985-08-21,NC,94659,Part-Time,64919
230,Matthew,Turner,1960-11-19,CA,33040,Part-Time,50194
231,Michael,Johnson,1957-07-26,NC,49110,Unemployed,12999
232,Pamela,Murphy,1961-06-10,MD,27589,Unemployed,38849
233,George,White,1984-05-07,MO,11846,Full-Time,73113
234,Jacob,Rogers,1973-10-22,NV,52982,Part-Time,26205
235,James,King,1997-02-06,PA,60275,Part-Time,46346
236,Kimberly,Campbell,1972-06-10,TX,40972,Retired,88667
237,Michelle,Thomas,1962-08-10,MA,93717,Part-Time,41541
238,Shirley,Martin,1973-06-20,IL,69634,Part-Time,29115
239,Sandra,Young,1993-06-14,MD,99173,Retired,106576
240,Brandon,Anderson,1960-09-15,FL,18094,Retired,86865
241,Larry,Cruz,1987-04-19,WA,25235,Retired,34631
242,Patricia,Collins,2000-10-16,MO,27294,Full-Time,148911
243,Robert,Gomez,1984-10-02,NC,43352,Retired,64102
244,David,Cooper,2002-04-19,CO,17897,Full-Time,35041
245,Cynthia,Mitchell,1959-08-02,IL,60132,Self-Employed,103708
246,Sarah,Thompson,1979-07-03,CO,80419,Retired,33040
247,Angela,Cooper,1963-12-08,NC,65591,Full-Time,129874
248,Thomas,Jones,1969-04-15,OH,96533,Self-Employed,61688
249,Amy,Miller,1956-04-07,CA,42077,Full-Time,42459
250,Karen,Cook,1980-08-08,CA,47914,Retired,40988
251,Mark,Hill,2001-10-11,WA,28777,Retired,76883
252,Katherine,Thompson,1988-04-14,MD,92050,Self-Employed,81565
253,Pamela,Green,1990-08-02,NV,64568,Self-Employed,191926
254,Edward,Jackson,1974-07-06,PA,70689,Retired,65152
255,Dorothy,Allen,1990-07-14,NV,36651,Retired,70478
256,William,Wright,1960-08-28,OH,59436,Self-Employed,51312
257,Helen,Ramirez,1993-01-28,MN,72835,Full-Time,54100
258,Shirley,Young,1976-05-01,NY,89220,Part-Time,77008
259,Angela,Morgan,1980-04-18,NV,95029,Self-Employed,164425
260,Brian,Clark,1971-06-17,VA,58589,Unemployed,22005
261,Kimberly,Turner,1957-10-28,TX,48691,Part-Time,63941
262,Scott,Baker,1976-04-13,VA,43728,Retired,99086
263,Nancy,Moore,1986-12-21,CO,81636,Unemployed,21838
264,William,Smith,1989-11-02,FL,64053,Retired,23689
265,Nicholas,Mitchell,1995-04-03,MA,17923,Part-Time,15109
266,Scott,Evans,1997-10-16,MD,11553,Unemployed,7506
267,Matthew,Wilson,2001-05-18,TN,22624,Self-Employed,38838
268,Kenneth,Gomez,1970-04-20,CO,20357,Retired,44303
269,Edward,Hernandez,1980-08-19,PA,95686,Part-Time,80548
270,Eric,Davis,1996-01-03,MD,93459,Unemployed,19212
271,Brandon,Gonzalez,1965-02-16,WA,79226,Unemployed,27766
272,Jennifer,Scott,1969-04-28,CA,81176,Retired,65339
273,Katherine,Jackson,1957-03-28,OH,62205,Self-Employed,38592
274,Emma,Nelson,1974-03-19,NV,60311,Part-Time,52298
275,William,Gonzalez,1963-12-24,CO,67290,Full-Time,95805
276,Carol,Brown,1959-06-20,NV,93115,Retired,110543
277,Kathleen,White,1983-08-08,NV,99088,Self-Employed,127583
278,Jennifer,Hernandez,1979-02-25,PA,45123,Retired,48354
279,Susan,Smith,2000-11-05,NY,50405,Unemployed,17197
280,Helen,Rogers,1972-02-05,MO,63483,Full-Time,53998
281,Stephanie,Johnson,1960-06-18,WA,48253,Full-Time,108629
282,Jason,Perez,1960-12-18,GA,28198,Part-Time,52649
283,Cynthia,Hill,1972-08-05,AZ,73469,Full-Time,51305
284,Nicholas,Wilson,1978-05-08,OH,27758,Unemployed,26120
285,Gary,Nelson,1980-06-27,WA,66441,Retired,56323
286,Shirley,Green,1996-10-05,OH,33283,Self-Employed,89102
287,Carol,Carter,1975-05-24,PA,46739,Unemployed,38161
288,Betty,Brown,1980-06-04,MD,70505,Retired,39341
289,Ryan,Murphy,1968-08-26,FL,28242,Self-Employed,173660
290,Jennifer,Edwards,1970-05-22,NV,88372,Part-Time,62206
291,Justin,Hernandez,1980-09-17,CO,24335,Unemployed,24505
292,Brandon,Phillips,1997-11-12,CA,53463,Part-Time,57654
293,Larry,Lewis,1982-02-01,MA,68429,Full-Time,63515
294,Shirley,Wilson,1984-11-19,TX,48722,Retired,34715
295,Nicholas,Clark,1960-02-27,WA,78303,Part-Time,37733
296,Barbara,Anderson,1985-02-15,NC,12960,Unemployed,17268
297,Larry,Thompson,1996-02-22,PA,82339,Part-Time,76525
298,Betty,Parker,1990-07-15,GA,61849,Part-Time,67710
299,Sandra,Clark,1994-04-15,TX,46483,Retired,61006
300,Margaret,Collins,1959-10-04,WA,24936,Retired,38130
301,Jeffrey,Anderson,1986-09-21,WI,55603,Self-Employed,134858
302,Richard,Moore,1984-10-06,MN,51049,Self-Employed,188133
303,Stephanie,Turner,1974-02-06,MA,88174,Self-Employed,150833
304,Helen,Perez,1979-07-06,GA,74178,Unemployed,27463
305,Maria,Morales,1966-06-27,CO,27895,Unemployed,26945
306,Cynthia,Cruz,1979-09-17,VA,74054,Unemployed,20174
307,Paul,Morgan,1991-01-26,AZ,47836,Part-Time,33982
308,Samantha,Anderson,1984-10-24,NY,45112,Unemployed,24701
309,Emma,Ramirez,1978-09-27,MO,65725,Full-Time,130384
310,Susan,Cruz,1996-04-10,CO,25386,Full-Time,88994
311,Jacob,Perez,1970-04-26,WI,90760,Retired,85485
312,Emily,Morgan,1968-04-26,MD,32069,Full-Time,105047
313,Joseph,Moore,2000-05-10,MA,63948,Retired,45710
314,Dorothy,Gomez,1972-11-05,WA,74154,Part-Time,31153
315,Susan,Phillips,1995-05-21,FL,77582,Unemployed,19080
316,Susan,Collins,1999-06-15,TX,93209,Unemployed,17538
317,Sandra,Murphy,1977-02-26,TN,45197,Retired,58004
318,Amanda,Miller,1973-06-18,VA,16021,Retired,32815
319,Jacob,Sanchez,1984-01-04,TX,27290,Part-Time,43933
320,George,Hernandez,1974-03-28,CO,58738,Self-Employed,51457
321,Jacob,Lopez,1996-03-02,PA,22475,Unemployed,27144
322,Maria,Johnson,1985-02-05,MO,55032,Retired,41829
323,Susan,Wilson,1982-12-05,NV,23526,Unemployed,9280
324,David,Ortiz,1974-03-13,IL,83831,Part-Time,57293
325,Ryan,Cruz,1996-03-15,IL,38474,Self-Employed,155634
326,Kevin,Diaz,1961-03-25,NV,51222,Full-Time,107649
327,Samuel,Torres,1970-05-21,WI,13515,Full-Time,62105
328,Jeffrey,Nguyen,1997-05-07,OH,94694,Retired,77733
329,Jennifer,Ortiz,1970-08-13,WI,11581,Full-Time,61160
330,Matthew,Stewart,1975-03-13,MD,19567,Retired,60187
331,Jeffrey,Cook,1959-01-09,CA,47550,Part-Time,17156
332,Justin,Martin,1987-07-14,MD,46368,Unemployed,9654
333,Katherine,Rodriguez,1960-09-07,NV,50654,Part-Time,50277
334,Thomas,Collins,2001-04-02,TN,90254,Part-Time,20250
335,Maria,Lee,1974-11-24,IL,75065,Part-Time,22466
336,Kenneth,Thomas,1988-09-26,IL,13847,Self-Employed,63649
337,Jennifer,Murphy,1982-05-17,MN,69663,Full-Time,64077
338,George,Wilson,1958-08-28,GA,85223,Retired,36236
339,Dorothy,Garcia,1962-04-24,TX,71835,Retired,20742
340,Paul,Adams,1964-03-28,TN,42540,Full-Time,102752
341,Stephen,Miller,2001-06-09,NY,33507,Full-Time,105242
342,Michelle,Adams,1988-01-13,NC,21322,Full-Time,145990
343,Debra,Young,1955-06-07,NC,70807,Self-Employed,129366
344,Lisa,Smith,1986-04-24,PA,63744,Retired,92213
345,Jason,Flores,1989-06-21,TX,23624,Full-Time,155862
346,Emily,Lopez,1970-07-16,IL,15754,Full-Time,158739
347,Benjamin,Gonzalez,1988-07-23,FL,76247,Self-Employed,111920
348,Mark,Nguyen,1980-02-19,IL,44208,Retired,26373
349,Ashley,Martinez,1980-12-27,AZ,36569,Self-Employed,88670
350,Brian,Evans,1992-02-05,MO,25825,Full-Time,50927
351,Susan,Lee,1968-08-10,NY,99922,Unemployed,15533
352,Christopher,Lopez,2000-12-20,WA,42534,Full-Time,57683
353,Linda,Phillips,1980-09-02,GA,69270,Self-Employed,79083
354,Sarah,Johnson,1990-04-04,IL,18083,Unemployed,10281
355,Benjamin,King,1969-03-07,FL,19828,Unemployed,18986
356,Ronald,Thomas,1959-04-21,FL,15596,Unemployed,33059
357,Anna,Brown,1958-03-19,NV,60165,Unemployed,33458
358,Lisa,Jones,1966-06-07,MO,90492,Part-Time,32841
359,Shirley,Davis,1970-11-10,MD,21497,Unemployed,20266
360,Robert,Carter,1963-07-07,MD,57069,Retired,43994
361,Betty,Brown,1986-06-19,AZ,51795,Retired,50827
362,Ashley,Lee,1956-05-02,MN,23124,Unemployed,24047
363,Samantha,Roberts,1970-05-18,PA,56504,Full-Time,130924
364,Katherine,Brown,1966-03-08,CO,56095,Retired,50487
365,Emma,Flores,1991-03-19,VA,33010,Part-Time,70307
366,Shirley,Smith,1960-01-08,MA,53481,Retired,41133
367,Patricia,Williams,1967-03-11,WA,29360,Part-Time,75782
368,Deborah,Gomez,1964-02-28,FL,86810,Retired,101661
369,Jonathan,Green,1974-06-05,TN,32833,Part-Time,63347
370,Matthew,Carter,1990-12-20,MN,50215,Self-Employed,72968
371,Jeffrey,Jones,1973-03-06,MN,33865,Full-Time,155568
372,Christopher,Nelson,1994-04-21,VA,20198,Retired,30317
373,Amy,Johnson,1975-03-21,WA,44761,Full-Time,138609
374,William,Roberts,1999-02-12,TX,67438,Self-Employed,166330
375,Joseph,Morris,1965-07-16,NV,85766,Unemployed,18309
376,Donna,Williams,1998-04-06,CA,51774,Unemployed,9373
377,Jennifer,Lopez,1961-02-11,GA,54295,Part-Time,73725
378,Christine,Parker,1994-08-23,GA,30591,Full-Time,86538
379,Kimberly,Torres,1976-04-07,MD,48980,Unemployed,29449
380,William,Campbell,1958-07-19,IL,10500,Retired,99698
381,Linda,Clark,1973-11-21,NY,32391,Retired,65794
382,Eric,Morales,1960-08-28,NV,96643,Full-Time,70134
383,Deborah,White,1996-09-13,NV,68428,Part-Time,39247
384,Patricia,Martin,1983-08-09,MN,97486,Part-Time,70333
385,Ashley,Davis,1997-06-26,MN,60738,Retired,59538
386,Eric,Hill,1981-09-22,PA,20348,Unemployed,25441
387,Debra,Jackson,2000-01-17,MN,25765,Retired,105412
388,Barbara,Diaz,1983-03-06,IL,20271,Part-Time,68424
389,Brian,Rodriguez,1982-04-27,AZ,21406,Part-Time,70135
390,Debra,Gutierrez,1980-09-11,TX,64997,Self-Employed,122060
391,Jessica,Gonzalez,1964-03-19,NY,47498,Retired,75446
392,Christine,Stewart,1977-07-09,MN,14910,Unemployed,28084
393,Michael,Gomez,1980-03-20,NV,53449,Retired,84700
394,Amanda,Hill,1958-12-16,TX,50756,Self-Employed,184548
395,Karen,Hill,1986-12-22,PA,68079,Full-Time,158731
396,Anthony,Cruz,1975-05-24,FL,37707,Unemployed,26480
397,Brenda,Lee,1981-12-16,CA,18600,Retired,102275
398,Matthew,Harris,1987-07-05,TX,36309,Retired,103421
399,Emily,Mitchell,1970-01-15,OH,70846,Full-Time,151465
400,Samuel,Edwards,1995-02-22,VA,33276,Full-Time,61274
401,Susan,Torres,1985-10-18,AZ,13597,Self-Employed,93007
402,Donald,Wright,1965-10-25,PA,95404,Part-Time,71669
403,Samuel,Johnson,1956-11-01,GA,39329,Unemployed,36350
404,Kevin,Collins,1974-12-23,NV,43029,Self-Employed,106182
405,James,Rogers,1974-11-17,NY,96816,Retired,57951
406,Jessica,Morris,1978-09-21,NC,18367,Retired,77933
407,Anthony,Martin,1972-11-11,NC,77802,Self-Employed,79245
408,Anna,Nguyen,1958-10-13,TX,44003,Self-Employed,148733
409,Anthony,Baker,1980-07-24,MN,39145,Full-Time,106775
410,Helen,White,1995-08-22,GA,48506,Self-Employed,120011
411,Ronald,Lopez,1963-12-09,GA,39131,Retired,92443
412,Donna,Reyes,2002-05-14,MN,25437,Self-Employed,97550
413,Stephen,Thomas,1995-10-19,OH,99220,Retired,27215
414,Amanda,Evans,1974-07-02,OH,84632,Part-Time,23662
415,Ronald,Thompson,1984-03-11,VA,51079,Part-Time,66455
416,Samantha,Lee,1955-08-09,GA,74169,Part-Time,65271
417,Jacob,Morris,1960-03-20,NV,60242,Unemployed,27398
418,Pamela,Harris,1989-04-24,WA,12348,Self-Employed,193331
419,Michelle,Taylor,1995-12-08,CO,23462,Part-Time,60758
420,Donna,Collins,1992-05-06,NC,78195,Full-Time,138900
421,Melissa,Harris,1976-07-22,VA,31611,Part-Time,37360
422,Sandra,Williams,1980-01-08,IL,87292,Part-Time,63002
423,Justin,Miller,1962-06-23,AZ,87846,Full-Time,79050
424,Cynthia,Cruz,1997-02-21,NY,59840,Full-Time,35434
425,Edward,Turner,1971-08-23,TX,96725,Part-Time,28206
426,Jessica,Rogers,1988-05-20,TN,90962,Retired,86578
427,Larry,Sanchez,1962-02-16,AZ,56913,Part-Time,55120
428,Shirley,Nelson,1973-03-02,OH,40737,Retired,67306
429,Susan,Rogers,1997-02-04,IL,19836,Retired,83588
430,Kimberly,Reyes,1961-05-21,NC,16564,Part-Time,44965
431,Jacob,Anderson,1966-01-28,WA,22451,Self-Employed,95651
432,Ronald,Rivera,1957-01-28,GA,67372,Part-Time,58745
433,Thomas,Phillips,1972-12-03,GA,62461,Self-Employed,170958
434,Thomas,Taylor,1972-07-23,GA,17686,Unemployed,32756
435,Gary,White,1965-02-14,MN,90127,Retired,66016
436,Thomas,Evans,1977-10-01,VA,67761,Part-Time,46721
437,Samantha,Lewis,1971-11-11,MA,97797,Full-Time,122989
438,Shirley,Hall,1988-09-23,PA,96993,Retired,29481
439,William,Johnson,1979-03-27,WI,94331,Retired,104621
440,Jonathan,Adams,1987-08-28,FL,41574,Unemployed,34995
441,Sharon,Walker,1972-01-17,NV,20332,Part-Time,51218
442,Anna,Williams,1991-08-03,NY,23453,Unemployed,21395
443,Debra,Hill,1957-09-18,WI,76628,Full-Time,139176
444,Paul,Collins,1996-11-15,CA,53512,Self-Employed,96169
445,Joseph,Lewis,1994-10-16,NY,10287,Self-Employed,154555
446,Barbara,Perez,1995-05-18,NY,74542,Retired,55757
447,Margaret,Harris,2000-12-24,WI,25826,Unemployed,10444
448,Cynthia,Garcia,1980-04-15,NY,93000,Part-Time,62309
449,Stephen,Moore,1992-02-25,MN,75382,Unemployed,21727
450,Brenda,Thompson,2002-01-18,VA,85832,Unemployed,34009
451,Stephen,Roberts,1963-02-13,WA,64875,Retired,77660
452,Amy,Moore,1999-04-09,NC,28111,Unemployed,38027
453,Brian,Ramirez,1999-12-17,MD,36330,Self-Employed,175613
454,Matthew,Cook,2000-05-22,IL,81105,Self-Employed,188549
455,Samantha,Turner,1975-12-04,MN,98374,Self-Employed,129113
456,Jessica,Brown,1989-05-28,MA,59921,Unemployed,33027
457,Steven,Allen,1997-01-07,GA,29192,Self-Employed,160230
458,Jessica,Lewis,1999-05-07,MO,94819,Retired,23546
459,Jason,Roberts,1970-09-26,CA,64600,Self-Employed,150750
460,Margaret,Cruz,1998-06-18,AZ,39563,Full-Time,30729
461,Christine,Sanchez,2000-12-21,MD,35362,Self-Employed,161045
462,Sarah,Carter,1966-11-03,MA,15326,Part-Time,78697
463,James,Nelson,1990-05-05,AZ,71122,Part-Time,53451
464,Edward,Morales,1964-01-05,WI,85061,Self-Employed,134843
465,Larry,Rodriguez,1959-12-11,GA,76209,Retired,41242
466,Ronald,Nelson,1989-09-13,OH,57290,Full-Time,75610
467,Thomas,Hall,1994-09-16,TX,68414,Retired,98173
468,Jason,Anderson,1996-10-20,WA,60577,Part-Time,78458
469,Brenda,Rogers,2001-05-01,CO,68400,Retired,98024
470,Nancy,Morgan,1973-11-07,NY,79888,Self-Employed,121100
471,Jessica,Clark,1959-04-22,TN,80484,Part-Time,72192
472,Linda,Collins,2002-07-21,IL,53478,Full-Time,128635
473,Ashley,King,1959-01-06,MN,63429,Self-Employed,128418
474,Justin,Smith,1995-07-14,NY,94072,Self-Employed,38797
475,Melissa,Cook,1959-12-19,FL,23911,Full-Time,122497
476,Jason,Gomez,1998-05-20,MO,96602,Full-Time,66554
477,Donna,Jackson,1965-09-08,MD,49066,Part-Time,64308
478,Christopher,Thomas,2001-11-12,MD,15475,Full-Time,102840
479,Donald,Hall,1993-07-18,NC,37752,Retired,109800
480,George,Harris,1996-09-05,WI,25023,Part-Time,26772
481,Jennifer,Nguyen,1991-01-28,MD,98039,Retired,63997
482,Melissa,Taylor,1961-04-24,WA,97988,Retired,66442
483,Jonathan,Edwards,1961-05-20,WA,53036,Full-Time,149075
484,Brian,Diaz,1974-12-19,CO,32103,Part-Time,52222
485,Karen,Nelson,1970-04-23,CO,72908,Unemployed,15909
486,Richard,Scott,1977-05-16,WI,28350,Retired,30762
487,Stephen,Brown,1967-05-24,TX,86269,Full-Time,126038
488,Eric,Martin,1992-04-02,MD,57948,Retired,45076
489,Brenda,Lopez,1992-12-28,MA,62007,Self-Employed,58170
490,Karen,Edwards,1955-11-08,MA,30869,Retired,85016
491,Melissa,Garcia,1991-11-28,VA,38681,Part-Time,63585
492,Larry,Campbell,1969-02-09,OH,60868,Self-Employed,74753
493,Emily,King,1984-01-02,MA,85842,Self-Employed,53094
494,Larry,Allen,1966-07-21,FL,59326,Unemployed,18762
495,Jonathan,Morris,1969-09-13,CO,89195,Self-Employed,171334
496,Sandra,Martin,1963-08-06,AZ,34498,Part-Time,19641
497,Ronald,Anderson,1993-12-27,TN,73113,Full-Time,117192
498,Robert,Young,1985-04-19,TN,15655,Part-Time,57672
499,Christopher,Davis,1992-03-05,MN,31802,Retired,24195
500,Steven,Hernandez,1966-09-13,TX,38389,Retired,111899
501,Christopher,White,1985-08-06,WI,91685,Part-Time,69885
502,Katherine,Rodriguez,1971-03-24,WI,40122,Self-Employed,188741
503,Cynthia,Martin,1963-02-01,MA,89365,Part-Time,49364
504,Stephen,Thomas,1985-10-20,MD,22214,Full-Time,146092
505,Larry,Turner,1963-10-18,TN,58546,Full-Time,148655
506,Jason,Hall,1999-09-14,VA,87207,Part-Time,77092
507,Ashley,Hernandez,1999-10-04,VA,47128,Unemployed,11311
508,Samantha,Gutierrez,1989-07-09,TX,25444,Part-Time,14864
509,Lisa,Diaz,1979-11-07,NY,95403,Self-Employed,103704
510,Jeffrey,Clark,1971-09-14,AZ,64162,Retired,54980
511,George,Flores,1990-08-06,VA,85713,Self-Employed,128585
512,Ashley,Edwards,2000-07-24,NY,31206,Part-Time,71528
513,William,Lee,1987-07-26,WI,61000,Self-Employed,168621
514,Kathleen,Lopez,1955-02-27,WI,18399,Part-Time,45960
515,Raymond,Gutierrez,1978-02-20,NV,47548,Full-Time,125647
516,Maria,Sanchez,1993-01-25,MO,96099,Part-Time,57207
517,Larry,Robinson,1988-05-07,MA,90634,Full-Time,133580
518,Emily,Phillips,1957-06-08,FL,56285,Full-Time,159151
519,Susan,Torres,1980-10-07,FL,83284,Retired,21949
520,Nicholas,Phillips,1977-06-27,OH,85354,Self-Employed,73474
521,Donna,Baker,1966-07-17,MA,25336,Full-Time,103521
522,Jason,Morris,1971-09-27,MO,41886,Retired,44088
523,Thomas,King,1984-11-15,VA,18854,Retired,101788
524,Melissa,Gutierrez,1969-11-23,TN,80208,Part-Time,67870
525,Jennifer,Thompson,1971-04-10,WA,72463,Full-Time,82217
526,Anna,Sanchez,1968-10-09,OH,40783,Part-Time,77672
527,Melissa,Martin,1971-04-08,WI,23983,Part-Time,70190
528,Barbara,Morris,1960-11-22,MD,58653,Unemployed,26765
529,Emily,Gomez,1986-10-28,MA,39110,Self-Employed,117277
530,Michael,Cook,1963-01-17,MD,55519,Unemployed,22401
531,Brian,Johnson,1998-03-15,MO,11549,Full-Time,122145
532,Betty,King,1979-10-04,AZ,41082,Self-Employed,95881
533,Cynthia,Mitchell,1994-06-12,OH,57851,Part-Time,47767
534,Ashley,Gonzalez,1972-08-06,MN,45382,Retired,32866
535,Eric,Johnson,1990-07-28,IL,33148,Unemployed,13313
536,Edward,Allen,1963-11-17,VA,83680,Retired,88448
537,Eric,Gonzalez,1958-07-04,AZ,68963,Part-Time,18504
538,Kevin,Williams,1971-06-12,AZ,63970,Retired,73071
539,Matthew,Torres,1998-10-07,MD,56544,Retired,74806
540,Raymond,Torres,1987-08-25,NV,70784,Unemployed,35646
541,Samantha,Phillips,1964-03-21,WI,19351,Self-Employed,105852
542,Christine,Gomez,1976-04-11,AZ,45553,Self-Employed,144138
543,Nancy,White,1978-12-19,TN,13027,Retired,111549
544,Jessica,Gonzalez,1970-11-09,NV,18361,Full-Time,57090
545,Richard,Wilson,1985-09-02,MA,44400,Full-Time,131842
546,Gary,Taylor,1960-11-13,NC,27206,Self-Employed,73981
547,Eric,Reyes,1965-01-02,WA,80855,Self-Employed,178477
548,Nicholas,Parker,1990-08-05,WI,78610,Retired,37194
549,Gary,Flores,1989-05-12,FL,57943,Unemployed,24377
550,Kevin,Torres,1964-05-01,IL,71498,Full-Time,98810
551,Donna,Robinson,1999-08-25,TN,10946,Unemployed,16647
552,Stephanie,Carter,1967-07-18,GA,38913,Unemployed,19711
553,Kenneth,Torres,1982-11-08,WI,94994,Retired,92595
554,Thomas,Collins,1972-07-07,NC,90967,Full-Time,53333
555,William,Morgan,1999-10-16,IL,12900,Part-Time,35886
556,Ashley,Lopez,1961-05-09,TX,29750,Part-Time,62203
557,Deborah,Reyes,1968-06-14,VA,14159,Self-Employed,166116
558,Betty,Harris,1964-01-09,VA,42778,Unemployed,9298
559,Dorothy,Jones,1955-02-25,MO,36106,Part-Time,40166
560,Carol,Lee,1961-09-22,NC,92465,Part-Time,46037
561,Margaret,Campbell,2002-09-17,NC,16827,Full-Time,62791
562,Emily,Thomas,1968-02-08,GA,61879,Unemployed,17449
563,Deborah,Lopez,1955-01-19,IL,42600,Unemployed,29166
564,Patricia,Rivera,1960-11-20,CA,94485,Self-Employed,190148
565,Kevin,Cruz,1989-02-05,MD,35292,Unemployed,14492
566,Jonathan,Cruz,1979-06-24,CA,83272,Part-Time,31221
567,Carol,Reyes,1999-08-07,CO,46087,Retired,38098
568,Donna,King,1993-09-06,MO,80989,Full-Time,99853
569,Debra,Campbell,1955-11-17,TX,91290,Unemployed,30623
570,Pamela,Murphy,2001-02-22,OH,82281,Retired,97736
571,David,Garcia,1973-06-14,MA,27009,Self-Employed,54292
572,Samantha,Roberts,1957-04-04,CA,96235,Unemployed,13170
573,Christine,Martinez,1994-12-19,PA,11715,Self-Employed,44128
574,Timothy,Turner,1968-11-16,CA,58374,Full-Time,91439
575,Edward,Martinez,1958-10-09,FL,38298,Retired,24333
576,Anthony,Ortiz,1961-02-24,OH,96098,Part-Time,49961
577,Samantha,Rivera,1995-03-18,NY,98407,Retired,59651
578,Sharon,Cook,1997-07-04,MD,54238,Part-Time,67357
579,Carol,Mitchell,1989-10-15,MD,64046,Self-Employed,185451
580,Sandra,Carter,1982-12-11,MD,82120,Retired,43200
581,Michael,Torres,1971-06-15,TX,88087,Unemployed,37906
582,Brian,Williams,1963-05-01,OH,46170,Self-Employed,199015
583,Nicholas,Rivera,1987-09-19,CA,30461,Retired,35089
584,Susan,Phillips,1978-10-08,NC,84588,Part-Time,31591
585,Jonathan,Gonzalez,2001-02-24,GA,88018,Self-Employed,167304
586,Ronald,Hall,1957-12-26,CA,66925,Retired,56479
587,William,Flores,1962-04-24,NV,78731,Retired,108071
588,Lisa,Miller,1989-10-05,PA,98294,Self-Employed,119197
589,Paul,Parker,1980-08-25,FL,47982,Retired,74746
590,Scott,Phillips,1964-03-11,CA,44413,Full-Time,92479
591,Helen,Sanchez,1987-07-25,VA,73944,Part-Time,65327
592,Dorothy,Young,1991-04-18,MA,19390,Retired,114524
593,Jacob,Campbell,1982-06-22,TN,55653,Retired,28948
594,Kevin,Cruz,1977-10-21,GA,91681,Full-Time,131675
595,Thomas,Miller,1957-04-07,FL,41856,Self-Employed,61832
596,Michelle,Edwards,1964-05-01,NY,71759,Self-Employed,150892
597,Kimberly,Morris,1968-12-18,MA,91663,Part-Time,28093
598,Barbara,Allen,1964-12-23,MA,32324,Full-Time,79239
599,David,Roberts,1967-12-20,TX,96556,Self-Employed,44790
600,Ashley,Carter,1997-06-28,NV,76655,Full-Time,31545
